-- phpMyAdmin SQL Dump
-- version 4.0.4.1
-- http://www.phpmyadmin.net
--
-- Host: 127.0.0.1
-- Generation Time: Oct 18, 2013 at 06:47 PM
-- Server version: 5.5.32
-- PHP Version: 5.4.19

SET SQL_MODE = "NO_AUTO_VALUE_ON_ZERO";
SET time_zone = "+00:00";


/*!40101 SET @OLD_CHARACTER_SET_CLIENT=@@CHARACTER_SET_CLIENT */;
/*!40101 SET @OLD_CHARACTER_SET_RESULTS=@@CHARACTER_SET_RESULTS */;
/*!40101 SET @OLD_COLLATION_CONNECTION=@@COLLATION_CONNECTION */;
/*!40101 SET NAMES utf8 */;

--
-- Database: `books`
--
CREATE DATABASE IF NOT EXISTS `books` DEFAULT CHARACTER SET utf8 COLLATE utf8_general_ci;
USE `books`;

-- --------------------------------------------------------

--
-- Table structure for table `authors`
--

CREATE TABLE IF NOT EXISTS `authors` (
  `author_id` int(11) NOT NULL AUTO_INCREMENT,
  `author_name` varchar(250) NOT NULL,
  PRIMARY KEY (`author_id`)
) ENGINE=MyISAM  DEFAULT CHARSET=utf8 AUTO_INCREMENT=5 ;

--
-- Dumping data for table `authors`
--

INSERT INTO `authors` (`author_id`, `author_name`) VALUES
(1, 'Шекспир'),
(2, 'Дж.Мартин'),
(3, 'Дан Браун'),
(4, 'И.Вазов');

-- --------------------------------------------------------

--
-- Table structure for table `books`
--

CREATE TABLE IF NOT EXISTS `books` (
  `book_id` int(11) NOT NULL AUTO_INCREMENT,
  `book_title` varchar(250) NOT NULL,
  PRIMARY KEY (`book_id`)
) ENGINE=MyISAM  DEFAULT CHARSET=utf8 AUTO_INCREMENT=8 ;

--
-- Dumping data for table `books`
--

INSERT INTO `books` (`book_id`, `book_title`) VALUES
(1, 'Пир за врани'),
(2, 'Под Игото'),
(3, 'Шифърът на Леонардо'),
(4, 'Математика за 11клас'),
(5, 'История за 10клас'),
(6, 'Литература за 8клас'),
(7, 'Природознание за 6клас');

-- --------------------------------------------------------

--
-- Table structure for table `books_authors`
--

CREATE TABLE IF NOT EXISTS `books_authors` (
  `book_id` int(11) NOT NULL,
  `author_id` int(11) NOT NULL,
  KEY `book_id` (`book_id`),
  KEY `author_id` (`author_id`)
) ENGINE=MyISAM DEFAULT CHARSET=utf8;

--
-- Dumping data for table `books_authors`
--

INSERT INTO `books_authors` (`book_id`, `author_id`) VALUES
(1, 2),
(2, 4),
(3, 3),
(4, 1),
(4, 2),
(5, 3),
(5, 4),
(6, 1),
(6, 4),
(7, 1),
(7, 2),
(7, 3);

/*!40101 SET CHARACTER_SET_CLIENT=@OLD_CHARACTER_SET_CLIENT */;
/*!40101 SET CHARACTER_SET_RESULTS=@OLD_CHARACTER_SET_RESULTS */;
/*!40101 SET COLLATION_CONNECTION=@OLD_COLLATION_CONNECTION */;
